n,k_measured,k_predicted,agree,risk_k1,risk_k2,risk_k3,risk_k4,risk_k6,risk_k12
20,12,12,True,5.25032932867717,1.4650368792790398,0.9634065247094851,0.5768308014732709,0.5047199133772293,0.29503480625061507
30,12,12,True,2.172627808955027,0.8238353778490183,0.6383642528633218,0.33920675882626916,0.368353959106002,0.2362874171430663
50,12,4,False,0.9774645500236849,0.4392436837885746,0.40892719150069123,0.19604695906259095,0.26032873892854885,0.19113957847594892
80,4,4,True,0.5257367250709417,0.2511960210336811,0.2955212278793837,0.12069222615960784,0.21022677827753938,0.1696117472071899
120,4,4,True,0.3346831987714759,0.16439927425331158,0.23591652200620977,0.08008906112423916,0.1811458589632096,0.15305458754474968
200,4,4,True,0.188101792730881,0.09876648736060847,0.18719202864444418,0.05128302259511959,0.15709415897275378,0.1422226008349597
350,4,4,True,0.10401974207860246,0.05796001950927271,0.16157068436334296,0.0330750036931506,0.14588121834918163,0.13731938663686688
600,4,4,True,0.06171412811590658,0.03530156373885057,0.14783081494371733,0.02146256898452229,0.13879728326138807,0.13387945137014895
1000,4,4,True,0.036838873264061094,0.022815676993551928,0.13920807577566358,0.015413822874888747,0.13459590918754208,0.13184073768002758
2500,4,4,True,0.014843871428622996,0.011931269667834279,0.13218931159989294,0.010096039675282375,0.13094318849014575,0.1301326205987093
5000,1,1,True,0.007163883612337446,0.008260347996123185,0.12952243738481733,0.008216288942446118,0.1296441149438535,0.1294898777219649
10000,1,1,True,0.0036221645946542653,0.0065115201155588305,0.1283042801148303,0.0072952988275482135,0.12912370954540775,0.12922342644508622
20000,1,1,True,0.001845653501391918,0.005656195917557421,0.1276941281585722,0.00685585070844659,0.12882569903801813,0.12907297097591433
40000,1,1,True,0.0009084276281395781,0.005201389220218086,0.1274032087611672,0.006620152740949873,0.12867477001445057,0.1289846618750629
