group,rep,group_order,D,abelian,order,index,p_H_trace,p_H_numeric,p_H_paper_formula,decomposition,gamma_H,gamma_regular_prediction
C4,regular,4,4,True,1,4,16.0,16,16.0,pH=16;algA=1;paper=16,0.0,0.0
C4,regular,4,4,True,2,2,8.0,8,8.0,pH=8;algA=2;paper=8,0.6666666666666666,0.6666666666666666
C4,regular,4,4,True,4,1,4.0,4,4.0,pH=4;algA=4;paper=4,1.0,1.0
C4,natural,4,4,True,1,4,16.0,16,16.0,pH=16;algA=1;paper=16,0.0,0.0
C4,natural,4,4,True,2,2,8.0,8,8.0,pH=8;algA=2;paper=8,0.6666666666666666,0.6666666666666666
C4,natural,4,4,True,4,1,4.0,4,4.0,pH=4;algA=4;paper=4,1.0,1.0
C6,regular,6,6,True,1,6,36.0,36,36.0,pH=36;algA=1;paper=36,0.0,0.0
C6,regular,6,6,True,2,3,18.0,18,18.0,pH=18;algA=2;paper=18,0.6,0.6
C6,regular,6,6,True,3,2,12.0,12,12.0,pH=12;algA=3;paper=12,0.8,0.8
C6,regular,6,6,True,6,1,6.0,6,6.0,pH=6;algA=6;paper=6,1.0,1.0
C6,natural,6,6,True,1,6,36.0,36,36.0,pH=36;algA=1;paper=36,0.0,0.0
C6,natural,6,6,True,2,3,18.0,18,18.0,pH=18;algA=2;paper=18,0.6,0.6
C6,natural,6,6,True,3,2,12.0,12,12.0,pH=12;algA=3;paper=12,0.8,0.8
C6,natural,6,6,True,6,1,6.0,6,6.0,pH=6;algA=6;paper=6,1.0,1.0
V4,regular,4,4,True,1,4,16.0,16,16.0,pH=16;algA=1;paper=16,0.0,0.0
V4,regular,4,4,True,2,2,8.0,8,8.0,pH=8;algA=2;paper=8,0.6666666666666666,0.6666666666666666
V4,regular,4,4,True,2,2,8.0,8,8.0,pH=8;algA=2;paper=8,0.6666666666666666,0.6666666666666666
V4,regular,4,4,True,2,2,8.0,8,8.0,pH=8;algA=2;paper=8,0.6666666666666666,0.6666666666666666
V4,regular,4,4,True,4,1,4.0,4,4.0,pH=4;algA=4;paper=4,1.0,1.0
V4,natural,4,4,True,1,4,16.0,16,16.0,pH=16;algA=1;paper=16,0.0,0.0
V4,natural,4,4,True,2,2,8.0,8,8.0,pH=8;algA=2;paper=8,0.6666666666666666,0.6666666666666666
V4,natural,4,4,True,2,2,8.0,8,8.0,pH=8;algA=2;paper=8,0.6666666666666666,0.6666666666666666
V4,natural,4,4,True,2,2,8.0,8,8.0,pH=8;algA=2;paper=8,0.6666666666666666,0.6666666666666666
V4,natural,4,4,True,4,1,4.0,4,4.0,pH=4;algA=4;paper=4,1.0,1.0
S3,regular,6,6,False,1,6,36.0,36,36.0,pH=36;algA=1;paper=36,0.0,0.0
S3,regular,6,6,False,2,3,18.0,18,18.0,pH=18;algA=2;paper=18,0.6,0.6
S3,regular,6,6,False,2,3,18.0,18,18.0,pH=18;algA=2;paper=18,0.6,0.6
S3,regular,6,6,False,2,3,18.0,18,18.0,pH=18;algA=2;paper=18,0.6,0.6
S3,regular,6,6,False,3,2,12.0,12,12.0,pH=12;algA=3;paper=12,0.8,0.8
S3,regular,6,6,False,6,1,6.0,6,18.0,pH=6;algA=6;paper=18,1.0,1.0
S3,natural,6,3,False,1,6,9.0,9,9.0,pH=9;algA=1;paper=9,0.0,0.0
S3,natural,6,3,False,2,3,5.0,5,5.0,pH=5;algA=2;paper=5,0.5714285714285714,0.75
S3,natural,6,3,False,2,3,5.0,5,5.0,pH=5;algA=2;paper=5,0.5714285714285714,0.75
S3,natural,6,3,False,2,3,5.0,5,5.0,pH=5;algA=2;paper=5,0.5714285714285714,0.75
S3,natural,6,3,False,3,2,3.0,3,3.0,pH=3;algA=3;paper=3,0.8571428571428571,1.0
S3,natural,6,3,False,6,1,2.0,2,5.0,pH=2;algA=5;paper=5,1.0,1.25
D4,regular,8,8,False,1,8,64.0,64,64.0,pH=64;algA=1;paper=64,0.0,0.0
D4,regular,8,8,False,2,4,32.0,32,32.0,pH=32;algA=2;paper=32,0.5714285714285714,0.5714285714285714
D4,regular,8,8,False,2,4,32.0,32,32.0,pH=32;algA=2;paper=32,0.5714285714285714,0.5714285714285714
D4,regular,8,8,False,2,4,32.0,32,32.0,pH=32;algA=2;paper=32,0.5714285714285714,0.5714285714285714
D4,regular,8,8,False,2,4,32.0,32,32.0,pH=32;algA=2;paper=32,0.5714285714285714,0.5714285714285714
D4,regular,8,8,False,2,4,32.0,32,32.0,pH=32;algA=2;paper=32,0.5714285714285714,0.5714285714285714
D4,regular,8,8,False,4,2,16.0,16,16.0,pH=16;algA=4;paper=16,0.8571428571428571,0.8571428571428571
D4,regular,8,8,False,4,2,16.0,16,16.0,pH=16;algA=4;paper=16,0.8571428571428571,0.8571428571428571
D4,regular,8,8,False,4,2,16.0,16,16.0,pH=16;algA=4;paper=16,0.8571428571428571,0.8571428571428571
D4,regular,8,8,False,8,1,8.0,8,20.0,pH=8;algA=8;paper=20,1.0,1.0
D4,natural,8,4,False,1,8,16.0,16,16.0,pH=16;algA=1;paper=16,0.0,0.0
D4,natural,8,4,False,2,4,10.0,10,10.0,pH=10;algA=2;paper=10,0.46153846153846156,0.6666666666666666
D4,natural,8,4,False,2,4,8.0,8,8.0,pH=8;algA=2;paper=8,0.6153846153846154,0.6666666666666666
D4,natural,8,4,False,2,4,10.0,10,10.0,pH=10;algA=2;paper=10,0.46153846153846156,0.6666666666666666
D4,natural,8,4,False,2,4,8.0,8,8.0,pH=8;algA=2;paper=8,0.6153846153846154,0.6666666666666666
D4,natural,8,4,False,2,4,8.0,8,8.0,pH=8;algA=2;paper=8,0.6153846153846154,0.6666666666666666
D4,natural,8,4,False,4,2,6.0,6,6.0,pH=6;algA=3;paper=6,0.7692307692307693,1.0
D4,natural,8,4,False,4,2,4.0,4,4.0,pH=4;algA=4;paper=4,0.9230769230769231,1.0
D4,natural,8,4,False,4,2,4.0,4,4.0,pH=4;algA=4;paper=4,0.9230769230769231,1.0
D4,natural,8,4,False,8,1,3.0,3,6.0,pH=3;algA=6;paper=6,1.0,1.1666666666666667
S4,regular,24,24,False,1,24,576.0,-1,,,0.0,0.0
S4,regular,24,24,False,2,12,288.0,-1,,,0.5217391304347826,0.5217391304347826
S4,regular,24,24,False,2,12,288.0,-1,,,0.5217391304347826,0.5217391304347826
S4,regular,24,24,False,2,12,288.0,-1,,,0.5217391304347826,0.5217391304347826
S4,regular,24,24,False,2,12,288.0,-1,,,0.5217391304347826,0.5217391304347826
S4,regular,24,24,False,2,12,288.0,-1,,,0.5217391304347826,0.5217391304347826
S4,regular,24,24,False,2,12,288.0,-1,,,0.5217391304347826,0.5217391304347826
S4,regular,24,24,False,2,12,288.0,-1,,,0.5217391304347826,0.5217391304347826
S4,regular,24,24,False,2,12,288.0,-1,,,0.5217391304347826,0.5217391304347826
S4,regular,24,24,False,2,12,288.0,-1,,,0.5217391304347826,0.5217391304347826
S4,regular,24,24,False,3,8,192.0,-1,,,0.6956521739130435,0.6956521739130435
S4,regular,24,24,False,3,8,192.0,-1,,,0.6956521739130435,0.6956521739130435
S4,regular,24,24,False,3,8,192.0,-1,,,0.6956521739130435,0.6956521739130435
S4,regular,24,24,False,3,8,192.0,-1,,,0.6956521739130435,0.6956521739130435
S4,regular,24,24,False,4,6,144.0,-1,,,0.782608695652174,0.782608695652174
S4,regular,24,24,False,4,6,144.0,-1,,,0.782608695652174,0.782608695652174
S4,regular,24,24,False,4,6,144.0,-1,,,0.782608695652174,0.782608695652174
S4,regular,24,24,False,4,6,144.0,-1,,,0.782608695652174,0.782608695652174
S4,regular,24,24,False,4,6,144.0,-1,,,0.782608695652174,0.782608695652174
S4,regular,24,24,False,4,6,144.0,-1,,,0.782608695652174,0.782608695652174
S4,regular,24,24,False,4,6,144.0,-1,,,0.782608695652174,0.782608695652174
S4,regular,24,24,False,6,4,96.0,-1,,,0.8695652173913043,0.8695652173913043
S4,regular,24,24,False,6,4,96.0,-1,,,0.8695652173913043,0.8695652173913043
S4,regular,24,24,False,6,4,96.0,-1,,,0.8695652173913043,0.8695652173913043
S4,regular,24,24,False,6,4,96.0,-1,,,0.8695652173913043,0.8695652173913043
S4,regular,24,24,False,8,3,72.0,-1,,,0.9130434782608695,0.9130434782608695
S4,regular,24,24,False,8,3,72.0,-1,,,0.9130434782608695,0.9130434782608695
S4,regular,24,24,False,8,3,72.0,-1,,,0.9130434782608695,0.9130434782608695
S4,regular,24,24,False,12,2,48.0,-1,,,0.9565217391304348,0.9565217391304348
S4,regular,24,24,False,24,1,24.0,-1,,,1.0,1.0
S4,natural,24,4,False,1,24,16.0,16,16.0,pH=16;algA=1;paper=16,0.0,0.0
S4,natural,24,4,False,2,12,10.0,10,10.0,pH=10;algA=2;paper=10,0.42857142857142855,0.6666666666666666
S4,natural,24,4,False,2,12,10.0,10,10.0,pH=10;algA=2;paper=10,0.42857142857142855,0.6666666666666666
S4,natural,24,4,False,2,12,10.0,10,10.0,pH=10;algA=2;paper=10,0.42857142857142855,0.6666666666666666
S4,natural,24,4,False,2,12,10.0,10,10.0,pH=10;algA=2;paper=10,0.42857142857142855,0.6666666666666666
S4,natural,24,4,False,2,12,8.0,8,8.0,pH=8;algA=2;paper=8,0.5714285714285714,0.6666666666666666
S4,natural,24,4,False,2,12,10.0,10,10.0,pH=10;algA=2;paper=10,0.42857142857142855,0.6666666666666666
S4,natural,24,4,False,2,12,8.0,8,8.0,pH=8;algA=2;paper=8,0.5714285714285714,0.6666666666666666
S4,natural,24,4,False,2,12,10.0,10,10.0,pH=10;algA=2;paper=10,0.42857142857142855,0.6666666666666666
S4,natural,24,4,False,2,12,8.0,8,8.0,pH=8;algA=2;paper=8,0.5714285714285714,0.6666666666666666
S4,natural,24,4,False,3,8,6.0,6,6.0,pH=6;algA=3;paper=6,0.7142857142857143,0.888888888888889
S4,natural,24,4,False,3,8,6.0,6,6.0,pH=6;algA=3;paper=6,0.7142857142857143,0.888888888888889
S4,natural,24,4,False,3,8,6.0,6,6.0,pH=6;algA=3;paper=6,0.7142857142857143,0.888888888888889
S4,natural,24,4,False,3,8,6.0,6,6.0,pH=6;algA=3;paper=6,0.7142857142857143,0.888888888888889
S4,natural,24,4,False,4,6,6.0,6,6.0,pH=6;algA=3;paper=6,0.7142857142857143,1.0
S4,natural,24,4,False,4,6,6.0,6,6.0,pH=6;algA=3;paper=6,0.7142857142857143,1.0
S4,natural,24,4,False,4,6,6.0,6,6.0,pH=6;algA=3;paper=6,0.7142857142857143,1.0
S4,natural,24,4,False,4,6,4.0,4,4.0,pH=4;algA=4;paper=4,0.8571428571428571,1.0
S4,natural,24,4,False,4,6,4.0,4,4.0,pH=4;algA=4;paper=4,0.8571428571428571,1.0
S4,natural,24,4,False,4,6,4.0,4,4.0,pH=4;algA=4;paper=4,0.8571428571428571,1.0
S4,natural,24,4,False,4,6,4.0,4,4.0,pH=4;algA=4;paper=4,0.8571428571428571,1.0
S4,natural,24,4,False,6,4,5.0,5,8.0,pH=5;algA=5;paper=8,0.7857142857142857,1.1111111111111112
S4,natural,24,4,False,6,4,5.0,5,8.0,pH=5;algA=5;paper=8,0.7857142857142857,1.1111111111111112
S4,natural,24,4,False,6,4,5.0,5,8.0,pH=5;algA=5;paper=8,0.7857142857142857,1.1111111111111112
S4,natural,24,4,False,6,4,5.0,5,8.0,pH=5;algA=5;paper=8,0.7857142857142857,1.1111111111111112
S4,natural,24,4,False,8,3,3.0,3,6.0,pH=3;algA=6;paper=6,0.9285714285714286,1.1666666666666667
S4,natural,24,4,False,8,3,3.0,3,6.0,pH=3;algA=6;paper=6,0.9285714285714286,1.1666666666666667
S4,natural,24,4,False,8,3,3.0,3,6.0,pH=3;algA=6;paper=6,0.9285714285714286,1.1666666666666667
S4,natural,24,4,False,12,2,2.0,2,10.0,pH=2;algA=10;paper=10,1.0,1.222222222222222
S4,natural,24,4,False,24,1,2.0,2,10.0,pH=2;algA=10;paper=10,1.0,1.277777777777778
