eps,seed,n,k,test_mse,train_mse
0.1,0,50,1,0.09497038043929255,0.03171506309995647
0.1,0,50,3,0.02423642143581549,0.07114328965224488
0.1,0,50,12,0.0013557066065964408,0.08082465894697637
0.1,0,100,1,0.04290409061365378,0.055858034761497755
0.1,0,100,3,0.012271622600921059,0.0783525546961097
0.1,0,100,12,0.000962451543448763,0.08534596103950388
0.1,0,200,1,0.01652697446271629,0.07643588630510535
0.1,0,200,3,0.003756019916760736,0.09223261675270727
0.1,0,200,12,0.0007549417367775243,0.0892020004641132
0.1,0,400,1,0.0069246434520802294,0.08303339311336126
0.1,0,400,3,0.0009294058197289009,0.08707343343468975
0.1,0,400,12,0.000358534535299656,0.08834442922260582
0.1,0,800,1,0.0034367426918422692,0.08921600406025292
0.1,0,800,3,0.0008744221335978937,0.08922726428464202
0.1,0,800,12,0.00022793980691603196,0.09073148201891991
0.1,0,1600,1,0.001264891423254441,0.08854848405628492
0.1,0,1600,3,0.0003693403024714437,0.0891990021132713
0.1,0,1600,12,0.00019873690462156226,0.08888250595388651
0.1,0,2400,1,0.0007876384998047949,0.08935306368095249
0.1,0,2400,3,0.0003349909825821023,0.08958426824724414
0.1,0,2400,12,0.00018452839411727342,0.0899992715707002
0.1,0,3200,1,0.0006013563805702715,0.0890415464853835
0.1,0,3200,3,0.00027378124228065893,0.09043927581093358
0.1,0,3200,12,0.00018387047300889026,0.09048202335213475
0.1,1,50,1,0.13825101867256748,0.02983893106571153
0.1,1,50,3,0.035248012070810346,0.07584282840593727
0.1,1,50,12,0.0011766701148409227,0.0877273752498667
0.1,1,100,1,0.05039503098435525,0.053396454899188296
0.1,1,100,3,0.011630025967229675,0.08287227155995024
0.1,1,100,12,0.0011475863290083517,0.09119936992402318
0.1,1,200,1,0.02177310622947771,0.07281687422668313
0.1,1,200,3,0.00389389930375611,0.08450684975349321
0.1,1,200,12,0.0004565881341720782,0.08731140831039631
0.1,1,400,1,0.00717839337769702,0.08243474428493755
0.1,1,400,3,0.0018033955530473936,0.08756799119756707
0.1,1,400,12,0.0003803997520627454,0.08951312461582149
0.1,1,800,1,0.0033356111131786943,0.08746813017411938
0.1,1,800,3,0.0008759436549272268,0.08788881499637546
0.1,1,800,12,0.00040186923126373,0.08989296341923814
0.1,1,1600,1,0.0012910074572340948,0.08999068895396549
0.1,1,1600,3,0.00039192059613741897,0.08868674864722904
0.1,1,1600,12,0.00023264376326233107,0.0911778228584273
0.1,1,2400,1,0.0008072846957640592,0.08767714199238485
0.1,1,2400,3,0.00035520447019242083,0.08932796600510247
0.1,1,2400,12,0.00019103214747887964,0.08954216927011333
0.1,1,3200,1,0.0006077777760116021,0.09002472163156135
0.1,1,3200,3,0.00031286727275364377,0.08978038018150042
0.1,1,3200,12,0.00018863330853565558,0.09002255830930074
0.1,2,50,1,0.13788126920690957,0.03177563968319012
0.1,2,50,3,0.03390222677771753,0.0673671525365636
0.1,2,50,12,0.0024097581484030166,0.09834658936393614
0.1,2,100,1,0.0528036308687427,0.053888532636397785
0.1,2,100,3,0.012110350495077672,0.07970613562881922
0.1,2,100,12,0.0006568848013289184,0.08756165920716079
0.1,2,200,1,0.019939238011356625,0.07525546549116155
0.1,2,200,3,0.0029754210331684565,0.08766991206088308
0.1,2,200,12,0.0008037012115495942,0.08731375415976877
0.1,2,400,1,0.008087677599519146,0.08146436311363824
0.1,2,400,3,0.001544695507724402,0.08758678165790763
0.1,2,400,12,0.00030060601526893464,0.09046064345295574
0.1,2,800,1,0.0028735425906328865,0.08486080947763615
0.1,2,800,3,0.0009421572195985176,0.09122726197752583
0.1,2,800,12,0.00032632279706298,0.08986860876147461
0.1,2,1600,1,0.0012786045590175005,0.08711440006492054
0.1,2,1600,3,0.00045675788075322303,0.09024896446928216
0.1,2,1600,12,0.00023472125094975836,0.0907613193559903
0.1,2,2400,1,0.0009570937833067061,0.09000479920909289
0.1,2,2400,3,0.00042178390756479785,0.08957215264468915
0.1,2,2400,12,0.00016903760321831474,0.0891787983533336
0.1,2,3200,1,0.0007349872940877958,0.09059211061231563
0.1,2,3200,3,0.0002996322837919236,0.09048662760061783
0.1,2,3200,12,0.00015376466717230628,0.08818166537610529
0.1,3,50,1,0.12029237280884504,0.03344105913026683
0.1,3,50,3,0.01865800758573784,0.06794907695146059
0.1,3,50,12,0.003176732075526188,0.08042729863606189
0.1,3,100,1,0.04867979983206419,0.05779694404754087
0.1,3,100,3,0.012721850773207961,0.07870347912793836
0.1,3,100,12,0.0009698429105061565,0.09773528804364107
0.1,3,200,1,0.020270998603770157,0.07470087802474992
0.1,3,200,3,0.002668259740828942,0.09028223206506064
0.1,3,200,12,0.0005394319151868463,0.08767802095102378
0.1,3,400,1,0.008632437964458835,0.08297676385361863
0.1,3,400,3,0.0013410098365518365,0.08973661049828591
0.1,3,400,12,0.00032628499896865897,0.08761333986625351
0.1,3,800,1,0.0027050254971950193,0.08531182637492575
0.1,3,800,3,0.0006709577176428659,0.09070546611986047
0.1,3,800,12,0.0002723718075518991,0.0914053380948074
0.1,3,1600,1,0.0014788325698835154,0.08838964228020761
0.1,3,1600,3,0.00037584260220485346,0.08969612416648588
0.1,3,1600,12,0.0001892180096986066,0.09096865188766962
0.1,3,2400,1,0.000895743872301231,0.09032400340450153
0.1,3,2400,3,0.0003659388302858845,0.08878629552008915
0.1,3,2400,12,0.00017595963682140957,0.09100266814319674
0.1,3,3200,1,0.0006043338143717049,0.08847476007989896
0.1,3,3200,3,0.00027149787946111336,0.09033145516768382
0.1,3,3200,12,0.0001238529063905697,0.09088498383128513
0.1,4,50,1,0.14049132958260263,0.032244923354916
0.1,4,50,3,0.023584788694153407,0.0702903988509507
0.1,4,50,12,0.0017938232987909275,0.09759703158478511
0.1,4,100,1,0.0472710436114313,0.05856144004212552
0.1,4,100,3,0.00909203652747021,0.0814035891187867
0.1,4,100,12,0.0015101252573609912,0.08528162217981582
0.1,4,200,1,0.017360179065106493,0.07081126672273849
0.1,4,200,3,0.004740569648347432,0.08608898608132486
0.1,4,200,12,0.0012644494833241493,0.08840229844579285
0.1,4,400,1,0.008222947516340272,0.08320323497667771
0.1,4,400,3,0.0013365569104844361,0.08985189874509275
0.1,4,400,12,0.0005165019671881512,0.08941220568706693
0.1,4,800,1,0.0034714719559821214,0.08707243565664845
0.1,4,800,3,0.0007937426099731531,0.08817343059043563
0.1,4,800,12,0.0002656993351073832,0.09030401894056754
0.1,4,1600,1,0.0014076607367208254,0.0868742041025518
0.1,4,1600,3,0.0003981326410979773,0.08980591416506371
0.1,4,1600,12,0.00023178491267213707,0.09048575899194884
0.1,4,2400,1,0.0007509201569555578,0.09031812754913655
0.1,4,2400,3,0.0002941091376970725,0.09088257183816013
0.1,4,2400,12,0.00017682342956836322,0.09061974279931363
0.1,4,3200,1,0.0006401315681368228,0.08933526771661505
0.1,4,3200,3,0.0003781777024510272,0.0910521905197369
0.1,4,3200,12,0.00015209519894154042,0.08981584496715261
0.1,5,50,1,0.1321614896777464,0.032684394091785585
0.1,5,50,3,0.025172740578302193,0.06787581983961578
0.1,5,50,12,0.0028150655831241773,0.09349134437040629
0.1,5,100,1,0.05335966560916779,0.06011548988251566
0.1,5,100,3,0.009479324118356966,0.08613749665900468
0.1,5,100,12,0.0008557016691699039,0.09161737245452845
0.1,5,200,1,0.019238336839675265,0.07620448581472296
0.1,5,200,3,0.004969179057370126,0.08454773122354936
0.1,5,200,12,0.0008157066776949802,0.08671326370597221
0.1,5,400,1,0.007653105457880724,0.08504532043530189
0.1,5,400,3,0.001678433082828627,0.08916719619076502
0.1,5,400,12,0.0004165900144779762,0.09063781583975433
0.1,5,800,1,0.0035604628837120605,0.08790296984641079
0.1,5,800,3,0.0006566004080649769,0.08890210264205156
0.1,5,800,12,0.00037557837475030143,0.08796610431387314
0.1,5,1600,1,0.001122796763937298,0.08810040953889021
0.1,5,1600,3,0.00045069532449417706,0.09011766191672371
0.1,5,1600,12,0.0001859212043668946,0.08941049443493548
0.1,5,2400,1,0.0008592762743825339,0.08833741769793063
0.1,5,2400,3,0.00046105049135578734,0.09009215722736663
0.1,5,2400,12,0.00017964047563558103,0.09082698011663752
0.1,5,3200,1,0.0006336891661312744,0.08872116143337903
0.1,5,3200,3,0.0002610828084172624,0.089796908129611
0.1,5,3200,12,0.00016183211027502283,0.0901655894627912
0.1,6,50,1,0.15396667959395563,0.026327634110354676
0.1,6,50,3,0.03098516213311305,0.06972465797394718
0.1,6,50,12,0.0018040798991103228,0.08677547716597685
0.1,6,100,1,0.04831788060402506,0.06123254654457563
0.1,6,100,3,0.008241764053708816,0.07765918933611304
0.1,6,100,12,0.001391626701367621,0.09018276792282309
0.1,6,200,1,0.019630106136407775,0.07149051837696219
0.1,6,200,3,0.004772473843357244,0.08913101737662688
0.1,6,200,12,0.00042796635175825843,0.09089188671894438
0.1,6,400,1,0.007058254634455591,0.08197072169219247
0.1,6,400,3,0.0018077547274640172,0.0925061840308642
0.1,6,400,12,0.00043492164294748324,0.09183168935337305
0.1,6,800,1,0.0026711015079387557,0.08456888441551454
0.1,6,800,3,0.0008518035947712449,0.08834384016024192
0.1,6,800,12,0.0001720417117067097,0.09220860239604693
0.1,6,1600,1,0.0014685854009135598,0.09018381187383488
0.1,6,1600,3,0.00043151977932492995,0.08996848840642267
0.1,6,1600,12,0.00025399313700716174,0.09044253196315044
0.1,6,2400,1,0.000996611634126521,0.08918660934688268
0.1,6,2400,3,0.0003175862396697075,0.09081669839649008
0.1,6,2400,12,0.00018177216268282638,0.09042758778210029
0.1,6,3200,1,0.0005561374228176425,0.08816748040457183
0.1,6,3200,3,0.00032981700357716633,0.09005913217736711
0.1,6,3200,12,0.00017682429355143662,0.09021260270588427
0.1,7,50,1,0.15341263405225655,0.03034705590925199
0.1,7,50,3,0.026011136052415566,0.0708625990714181
0.1,7,50,12,0.0016525830531651268,0.08995506081091743
0.1,7,100,1,0.04895778557796401,0.05550373765857367
0.1,7,100,3,0.01143623535661852,0.08495998040747606
0.1,7,100,12,0.0005048800897936905,0.08756386187910868
0.1,7,200,1,0.017407316693178715,0.07844339790439105
0.1,7,200,3,0.0051654688610540565,0.08388763675508065
0.1,7,200,12,0.0005237175934001146,0.08775123535713637
0.1,7,400,1,0.006980035071566369,0.08166580400777472
0.1,7,400,3,0.0013934750077630766,0.08790225095507294
0.1,7,400,12,0.0002750340954881064,0.08848188084736179
0.1,7,800,1,0.003344753476939724,0.0876494529186211
0.1,7,800,3,0.0008845073148480075,0.09203010213594431
0.1,7,800,12,0.00022075062605744514,0.08941495234145734
0.1,7,1600,1,0.0014656357187031487,0.08772847502554652
0.1,7,1600,3,0.00040450237111761423,0.08877686305030828
0.1,7,1600,12,0.00018135049448881647,0.08969493131959856
0.1,7,2400,1,0.0009794180330507365,0.08850412121851363
0.1,7,2400,3,0.0003177670842135334,0.08956722046032517
0.1,7,2400,12,0.00017513983896945485,0.08809731256643966
0.1,7,3200,1,0.0006168513111896803,0.08915862378899393
0.1,7,3200,3,0.0002233099786543094,0.08991372422010148
0.1,7,3200,12,0.00019955130286761116,0.0891522024389213
0.1,8,50,1,0.10118185739785394,0.031275437962900124
0.1,8,50,3,0.02637900389702026,0.0740168202728818
0.1,8,50,12,0.005310564614711495,0.07569022636790634
0.1,8,100,1,0.04121667058362552,0.05694225582161131
0.1,8,100,3,0.012728325301063844,0.07848043392984241
0.1,8,100,12,0.0009872553691498364,0.09078346050945772
0.1,8,200,1,0.01831481341902549,0.07943506934518356
0.1,8,200,3,0.003881180292253775,0.08691134891659291
0.1,8,200,12,0.0004942001812759325,0.08866173488393969
0.1,8,400,1,0.008380214501572548,0.08254411191953469
0.1,8,400,3,0.0016743062946266848,0.08804735428130249
0.1,8,400,12,0.0004857699119411928,0.0850547293227442
0.1,8,800,1,0.003116347322466935,0.08913059302932574
0.1,8,800,3,0.0005639787513738666,0.08924030201842631
0.1,8,800,12,0.0002945289059512295,0.0897335086289673
0.1,8,1600,1,0.001313956258442278,0.08836464181043828
0.1,8,1600,3,0.0005230666881790828,0.09062293420262692
0.1,8,1600,12,0.0002100685541653473,0.09092977621500775
0.1,8,2400,1,0.000940613136316423,0.09013187660983894
0.1,8,2400,3,0.00036513270888857084,0.08857317620108264
0.1,8,2400,12,0.00022676422601997158,0.088697136973608
0.1,8,3200,1,0.000759466355607464,0.08961032495225506
0.1,8,3200,3,0.00034482652208620793,0.0895964541915817
0.1,8,3200,12,0.00020303697473598908,0.08978207248362219
0.1,9,50,1,0.11817127925198512,0.02949628103312706
0.1,9,50,3,0.02198149338694577,0.06641865049578966
0.1,9,50,12,0.006154412646950969,0.08400216250409233
0.1,9,100,1,0.04661777133499023,0.05686343770151547
0.1,9,100,3,0.010334493985889407,0.0795715872110114
0.1,9,100,12,0.001162894058701074,0.09435715948115549
0.1,9,200,1,0.020153943791722344,0.07360612543219086
0.1,9,200,3,0.0050291318808669385,0.08460511799566024
0.1,9,200,12,0.0004963140296822993,0.08835079524388861
0.1,9,400,1,0.006884254745348535,0.083170812252662
0.1,9,400,3,0.0015353507740014274,0.09095575522476335
0.1,9,400,12,0.00033202255654384656,0.08816111754184307
0.1,9,800,1,0.003342921263141583,0.08879118531112769
0.1,9,800,3,0.0009486638890169107,0.09257682113295429
0.1,9,800,12,0.0002664405492112561,0.08967249108780423
0.1,9,1600,1,0.0014793051896993762,0.08988303673488716
0.1,9,1600,3,0.0004885981657224522,0.09044606358753603
0.1,9,1600,12,0.0002251019570730662,0.08910165237835915
0.1,9,2400,1,0.0008536412632002972,0.08968463278791207
0.1,9,2400,3,0.0004941134141991105,0.08871667653911308
0.1,9,2400,12,0.00022427450809774338,0.09060110503504086
0.1,9,3200,1,0.0007952061957363691,0.08925252996146298
0.1,9,3200,3,0.0002844382349745347,0.09063049506810444
0.1,9,3200,12,0.00020224341431517763,0.08883186478581738
0.4,0,50,1,0.10878474050757807,0.03252697033338369
0.4,0,50,3,0.03296284233233675,0.07185489075539246
0.4,0,50,12,0.003120788701995869,0.08330625131657929
0.4,0,100,1,0.0430178282385399,0.05589543394418872
0.4,0,100,3,0.012812592079294046,0.08006694862865381
0.4,0,100,12,0.0029160593275572473,0.08691130731213537
0.4,0,200,1,0.016339607296363277,0.07731573672604719
0.4,0,200,3,0.004905508640533033,0.09358806164728135
0.4,0,200,12,0.0026199643244544427,0.09128097678704243
0.4,0,400,1,0.007332036132240327,0.08254042128871185
0.4,0,400,3,0.002346297261251452,0.08820006722489465
0.4,0,400,12,0.002240981867132751,0.09010079850799024
0.4,0,800,1,0.003521675474477534,0.08927390893275018
0.4,0,800,3,0.0022440912609338766,0.0906539590622963
0.4,0,800,12,0.002099755529267553,0.09264525636329964
0.4,0,1600,1,0.0012548541116817896,0.08860426059904077
0.4,0,1600,3,0.0016827005276454062,0.09043710169565489
0.4,0,1600,12,0.0020650186843702476,0.09073023092116435
0.4,0,2400,1,0.0008183585174535843,0.08937896976118541
0.4,0,2400,3,0.001650650102825368,0.09099086752566493
0.4,0,2400,12,0.00205570435086406,0.09182916674351037
0.4,0,3200,1,0.0006126735160598753,0.08902890190680912
0.4,0,3200,3,0.0016272815890954982,0.09171562223190448
0.4,0,3200,12,0.002042294337208237,0.0924099286091496
0.4,1,50,1,0.11872339517371251,0.029785230115232462
0.4,1,50,3,0.04544339763621289,0.0775099771964112
0.4,1,50,12,0.0034107550798345774,0.08980460173883355
0.4,1,100,1,0.05157187964468105,0.05481721224792615
0.4,1,100,3,0.013503467845685431,0.08509502136207486
0.4,1,100,12,0.003263169226848919,0.0938982448242877
0.4,1,200,1,0.019117022328649893,0.07352112145423319
0.4,1,200,3,0.005673853552754414,0.08651216837645326
0.4,1,200,12,0.0026037827026832434,0.08971482760355909
0.4,1,400,1,0.007247995925860017,0.08245517071128532
0.4,1,400,3,0.003562079572834725,0.08900750620314375
0.4,1,400,12,0.0025318580066844166,0.09130198239369375
0.4,1,800,1,0.0033567039941508354,0.08747777401022921
0.4,1,800,3,0.0026409931960759453,0.08933596468741391
0.4,1,800,12,0.002546926061803819,0.09171872806872557
0.4,1,1600,1,0.0012983086670145523,0.08996006207608238
0.4,1,1600,3,0.0021401710054893886,0.09043339896778142
0.4,1,1600,12,0.002400707498964846,0.09327567698152393
0.4,1,2400,1,0.0008021284717282638,0.08762523344831726
0.4,1,2400,3,0.002104194227769396,0.09111938969512363
0.4,1,2400,12,0.0023265039819981275,0.09147770670585352
0.4,1,3200,1,0.000630580170002991,0.09000135976506839
0.4,1,3200,3,0.002039268082859367,0.09145350011107028
0.4,1,3200,12,0.002338167890925327,0.0923453774430661
0.4,2,50,1,0.14829967674810182,0.03220354976293101
0.4,2,50,3,0.03822975395460116,0.06737960426032219
0.4,2,50,12,0.004543198596518007,0.10100482460259064
0.4,2,100,1,0.052176885681571396,0.054906023702924224
0.4,2,100,3,0.014081721275851104,0.08078875113070193
0.4,2,100,12,0.0023900432429711867,0.09010429319728071
0.4,2,200,1,0.020940343393395257,0.07520400188840382
0.4,2,200,3,0.004410285381381656,0.0887378261967519
0.4,2,200,12,0.0024997295331331765,0.08952749606290379
0.4,2,400,1,0.008549322985625642,0.0811677572326636
0.4,2,400,3,0.002915813753622113,0.08882231706230487
0.4,2,400,12,0.0020281155793449765,0.09272707867402741
0.4,2,800,1,0.0029541774644114764,0.08479468729160822
0.4,2,800,3,0.002292505259073496,0.09226234092834334
0.4,2,800,12,0.0020415402756789767,0.09157342517218714
0.4,2,1600,1,0.0012768669777823442,0.08710107433073595
0.4,2,1600,3,0.0017800316349994006,0.0915648923289991
0.4,2,1600,12,0.0019683100887004016,0.09256414930405564
0.4,2,2400,1,0.0009469631115628195,0.08998500786266904
0.4,2,2400,3,0.0017459700688146342,0.09074075769484252
0.4,2,2400,12,0.001903028828821876,0.0910947409546053
0.4,2,3200,1,0.0007492649139453745,0.09062910863380823
0.4,2,3200,3,0.0016660809956470532,0.09187617310015694
0.4,2,3200,12,0.0018976636488801553,0.09013029013980596
0.4,3,50,1,0.1279056285539009,0.03232653730384085
0.4,3,50,3,0.021240140085536364,0.06916277347601857
0.4,3,50,12,0.005066264386275862,0.08326747862448196
0.4,3,100,1,0.046131437389718775,0.05858443587302145
0.4,3,100,3,0.013920982167782384,0.07966598888729014
0.4,3,100,12,0.002539327344542262,0.09854980089222536
0.4,3,200,1,0.019331152403705507,0.07557699709407212
0.4,3,200,3,0.0037157106664590643,0.09104522791769369
0.4,3,200,12,0.002095967961262375,0.08897642844026223
0.4,3,400,1,0.00845696709606687,0.08323584278593
0.4,3,400,3,0.0024042021974260562,0.09096005331802003
0.4,3,400,12,0.0018894916005950744,0.0885566190266241
0.4,3,800,1,0.0027330030941637583,0.08538109862455238
0.4,3,800,3,0.0017434227283706861,0.09198600376442749
0.4,3,800,12,0.0018542102548863232,0.09278773143802882
0.4,3,1600,1,0.0014674413907010077,0.08839923972925971
0.4,3,1600,3,0.0014584852249174653,0.09081034521067584
0.4,3,1600,12,0.0017703122877376551,0.0927019961462589
0.4,3,2400,1,0.000949772155803052,0.09037044938571533
0.4,3,2400,3,0.0014384350469025479,0.08979640575829524
0.4,3,2400,12,0.0017394796352971432,0.09270121114293646
0.4,3,3200,1,0.0006396611257345326,0.08850490684577418
0.4,3,3200,3,0.0013733506676343497,0.09141564131578502
0.4,3,3200,12,0.0016793111718323716,0.0922706666489874
0.4,4,50,1,0.13237262404607578,0.03061482871383572
0.4,4,50,3,0.029671125554672818,0.07047203606640799
0.4,4,50,12,0.00395694367304776,0.1007008505922522
0.4,4,100,1,0.044323362384534916,0.05938737292249075
0.4,4,100,3,0.010234478625636282,0.08364008751492708
0.4,4,100,12,0.003547629098639992,0.08731255938146376
0.4,4,200,1,0.016110928378917175,0.07093314427704826
0.4,4,200,3,0.006349895540988844,0.08746263874184905
0.4,4,200,12,0.003163436285444337,0.09029974947343174
0.4,4,400,1,0.007941245657994702,0.08341503024551739
0.4,4,400,3,0.0027910128132896737,0.09181742075179088
0.4,4,400,12,0.0024870730081131445,0.0913063069737806
0.4,4,800,1,0.0034745150585404057,0.08710308715439864
0.4,4,800,3,0.0021861219535130975,0.08961879972905025
0.4,4,800,12,0.002200259682585508,0.0922506666553702
0.4,4,1600,1,0.0013928036019606035,0.08696468059562436
0.4,4,1600,3,0.001789500393655598,0.09133758326518304
0.4,4,1600,12,0.0021826686587153674,0.09253752708934239
0.4,4,2400,1,0.0007155183334494301,0.09026546829431453
0.4,4,2400,3,0.0017047313638642694,0.09214648024223815
0.4,4,2400,12,0.002106286064776357,0.09260593551287961
0.4,4,3200,1,0.0006700722046359757,0.08933223570771233
0.4,4,3200,3,0.0017591646301679652,0.09235704436516749
0.4,4,3200,12,0.0020877979861501353,0.09195721618300741
0.4,5,50,1,0.12602128414165423,0.03273436864900842
0.4,5,50,3,0.025135009319262148,0.0697894654046362
0.4,5,50,12,0.004766205878826752,0.09454220061991048
0.4,5,100,1,0.05739124155543645,0.059254465546426764
0.4,5,100,3,0.010333360611051326,0.08778687967132691
0.4,5,100,12,0.002844454340706355,0.09405836510089877
0.4,5,200,1,0.01927328164271575,0.07576138649944589
0.4,5,200,3,0.00682546821026931,0.08617620156017854
0.4,5,200,12,0.0027385545823806236,0.08814409966451536
0.4,5,400,1,0.007156880575201612,0.08530242719207361
0.4,5,400,3,0.0032331041775974807,0.090705556827218
0.4,5,400,12,0.0023815914503841793,0.09253390839875503
0.4,5,800,1,0.003543706753593926,0.0878817976839971
0.4,5,800,3,0.0022140144728793037,0.09029434739597723
0.4,5,800,12,0.0023125044441275723,0.0902322056410473
0.4,5,1600,1,0.001160121183172174,0.08801731698042627
0.4,5,1600,3,0.0020883125199876737,0.09164116780435717
0.4,5,1600,12,0.002133607684136,0.09145716147468291
0.4,5,2400,1,0.000863809856022784,0.08835304396204262
0.4,5,2400,3,0.0020960457761644187,0.09177387563806717
0.4,5,2400,12,0.0021013401048852218,0.09274062323344257
0.4,5,3200,1,0.0006343182046295513,0.08875110181383289
0.4,5,3200,3,0.0018730201303343997,0.09150395191159212
0.4,5,3200,12,0.002108412530311936,0.09195331856281401
0.4,6,50,1,0.1464990241386604,0.025739004366359754
0.4,6,50,3,0.031857247364635015,0.07109025060575326
0.4,6,50,12,0.0037567032182097746,0.08814195893885364
0.4,6,100,1,0.04794633806343198,0.060503096398912985
0.4,6,100,3,0.00944454135326738,0.07979785275569785
0.4,6,100,12,0.0031880050995884766,0.09085838067705025
0.4,6,200,1,0.01934193088081379,0.07255298617794492
0.4,6,200,3,0.006405436747366406,0.09068915219189812
0.4,6,200,12,0.002263318577885654,0.09274599106554095
0.4,6,400,1,0.007816158016883458,0.08157778439445015
0.4,6,400,3,0.0033327591494177844,0.09392309383857685
0.4,6,400,12,0.002301695752655856,0.09400375196785504
0.4,6,800,1,0.0028163608186473833,0.08444362020700825
0.4,6,800,3,0.002387628264511755,0.08985285519436663
0.4,6,800,12,0.0020062756053449574,0.09387289473138745
0.4,6,1600,1,0.0014212013870476745,0.0899983360961679
0.4,6,1600,3,0.0019797958434319323,0.09134643317036967
0.4,6,1600,12,0.002104614334673729,0.09208638192245198
0.4,6,2400,1,0.000999184345400933,0.08923563348932038
0.4,6,2400,3,0.0018540750597035765,0.09245937230091145
0.4,6,2400,12,0.002023955699391173,0.09228359833613313
0.4,6,3200,1,0.0005843817698606914,0.0882096831335303
0.4,6,3200,3,0.0018671578635492826,0.0916574405489002
0.4,6,3200,12,0.00205121382893425,0.092017803510806
0.4,7,50,1,0.1451541540161245,0.03086325368595567
0.4,7,50,3,0.028413597979103145,0.07263237207289343
0.4,7,50,12,0.003883306840713136,0.09213078459494084
0.4,7,100,1,0.048194234243428204,0.05687908786270308
0.4,7,100,3,0.012632141790482797,0.08577754768518625
0.4,7,100,12,0.002597955356786705,0.09030640841448422
0.4,7,200,1,0.016694663147706817,0.07898750857597729
0.4,7,200,3,0.006124167609792592,0.08521410585318363
0.4,7,200,12,0.002637207718538577,0.08945247529925798
0.4,7,400,1,0.007018796787715957,0.08190674894514585
0.4,7,400,3,0.002715945144580626,0.08879085591781548
0.4,7,400,12,0.0023876707886746804,0.09051353134065186
0.4,7,800,1,0.0034599625328433858,0.08754665804432359
0.4,7,800,3,0.002157317593705868,0.0935952367548476
0.4,7,800,12,0.0023181800701482244,0.0912451685391038
0.4,7,1600,1,0.0015045085996727612,0.08776453242163602
0.4,7,1600,3,0.0017273077978593723,0.09008214640946784
0.4,7,1600,12,0.00228000791849781,0.09193180732506863
0.4,7,2400,1,0.0010289455645537177,0.08852840691301427
0.4,7,2400,3,0.0015860924737501599,0.09088859144436462
0.4,7,2400,12,0.0022601957539228235,0.0901695047615496
0.4,7,3200,1,0.0006189084223866419,0.08912612675933512
0.4,7,3200,3,0.0015100068434488615,0.0911107898935503
0.4,7,3200,12,0.002296781818024404,0.09135493105976385
0.4,8,50,1,0.11570424686333937,0.03201762430413149
0.4,8,50,3,0.030585762500326612,0.07273555703339556
0.4,8,50,12,0.00785888417836141,0.07625433937705724
0.4,8,100,1,0.0387761926853846,0.05810210169588214
0.4,8,100,3,0.014960493779325802,0.08048596378039742
0.4,8,100,12,0.003349820627854095,0.09357102664512762
0.4,8,200,1,0.018309441733872066,0.07885048996620923
0.4,8,200,3,0.005882580830650658,0.08868354130496754
0.4,8,200,12,0.0028162468191619966,0.09126334960399753
0.4,8,400,1,0.00810048366244743,0.08288844887946031
0.4,8,400,3,0.0034706347223700767,0.09029386539051693
0.4,8,400,12,0.0027980687592346343,0.0871579749729635
0.4,8,800,1,0.003103457595712121,0.0891006464082892
0.4,8,800,3,0.0025744424907373355,0.09115290629691934
0.4,8,800,12,0.002613020464714871,0.0922130930513227
0.4,8,1600,1,0.0012921748867214347,0.0883667640198041
0.4,8,1600,3,0.0024283680475136646,0.0927722622040719
0.4,8,1600,12,0.002533937808582873,0.09326367338494429
0.4,8,2400,1,0.0009599294658147877,0.09000367741286275
0.4,8,2400,3,0.0022471804342961994,0.09038174138753825
0.4,8,2400,12,0.002538779197400185,0.09096131853280508
0.4,8,3200,1,0.0007450260241877592,0.08958371037630342
0.4,8,3200,3,0.002262403221320553,0.09150686247623424
0.4,8,3200,12,0.0025132506315496245,0.09225631393847322
0.4,9,50,1,0.12694659274440542,0.03014296465864712
0.4,9,50,3,0.026169426300483776,0.06955683700496408
0.4,9,50,12,0.008942975510921993,0.08536462726899248
0.4,9,100,1,0.04454465849110234,0.058606797833810724
0.4,9,100,3,0.012326565896106778,0.08040809721957716
0.4,9,100,12,0.0036165402252191455,0.09838901146291738
0.4,9,200,1,0.01977504706067951,0.07404842725465711
0.4,9,200,3,0.006798582617476782,0.08619935231785232
0.4,9,200,12,0.0028630696133723024,0.09094663860141476
0.4,9,400,1,0.008111809338939157,0.08221602761555837
0.4,9,400,3,0.0032996421065894298,0.09267797397904003
0.4,9,400,12,0.002742401476915753,0.0904410958205779
0.4,9,800,1,0.0031634945960132884,0.08891971722111582
0.4,9,800,3,0.002824687184648294,0.09434060674109168
0.4,9,800,12,0.0026782241040609815,0.09235002618711656
0.4,9,1600,1,0.0012692817128569984,0.09007176778874414
0.4,9,1600,3,0.0022642006292306663,0.09213656173483555
0.4,9,1600,12,0.002614476982425869,0.09165167286973454
0.4,9,2400,1,0.0008112444768853577,0.08973495886131126
0.4,9,2400,3,0.0023205781988345077,0.09044077541612429
0.4,9,2400,12,0.002628191982715393,0.09309204102374323
0.4,9,3200,1,0.0008304782011710628,0.08921411631328803
0.4,9,3200,3,0.002080944613621132,0.09229985013215648
0.4,9,3200,12,0.00259501566397285,0.09122377403277511
