location,quantity,printed,formula_value,rel_error,ok
Table 2,predicted n* at eps=0.05,13200.0,13199.999999999998,1.378022275413528e-16,True
Table 2,predicted n* at eps=0.07,6735.0,6734.69387755102,4.545454545463641e-05,True
Table 2,predicted n* at eps=0.1,3300.0,3299.9999999999995,1.378022275413528e-16,True
Table 2,predicted n* at eps=0.14,1684.0,1683.673469387755,0.00019393939393948492,True
Table 2,predicted n* at eps=0.2,825.0,824.9999999999999,1.378022275413528e-16,True
Table 2,predicted n* at eps=0.28,421.0,420.91836734693874,0.00019393939393948492,True
Table 2,predicted n* at eps=0.4,206.0,206.24999999999997,0.0012121212121210744,True
Table 2,predicted n* at eps=0.57,102.0,101.56971375807942,0.004236363636363565,True
Table 2,predicted n* at eps=0.8,52.0,51.56249999999999,0.008484848484848624,True
Table 5,"predicted n* at d=8, eps=0.2",280.0,349.99999999999994,0.19999999999999987,False
Table 5,"predicted n* at d=12, eps=0.2",825.0,824.9999999999999,1.378022275413528e-16,True
Table 5,"predicted n* at d=16, eps=0.2",1500.0,1499.9999999999998,1.5158245029548806e-16,True
Sec. 4.3,d(d-1) ratio d=16 over d=8,4.29,4.285714285714286,0.001000000000000038,True
Table 1,gamma_1 closed form,0.0,0.0,0.0,True
Table 1,gamma_2 closed form,0.5455,0.5454545454545454,8.333333333337967e-05,True
Table 1,gamma_3 closed form,0.7273,0.7272727272727273,3.7499999999898725e-05,True
Table 1,gamma_4 closed form,0.8182,0.8181818181818182,2.2222222222207437e-05,True
Table 1,gamma_6 closed form,0.9091,0.9090909090909091,1.000000000005441e-05,True
Table 1,gamma_12 closed form,1.0,1.0,0.0,True
Sec. 3 / Prop. 7,graded window lower end,80.0,48.9795918367347,0.6333333333333332,False
Sec. 3 / Prop. 7,graded window upper end,2500.0,4218.75,0.4074074074074074,False
