d,eps,n,k_measured,k_pred_finite_sample,k_pred_leading_order,endpoint,agree_fs,agree_lo
12,0.05,20,12,12,12,True,True,True
12,0.05,30,12,12,12,True,True,True
12,0.05,45,12,12,12,True,True,True
12,0.05,70,12,12,12,True,True,True
12,0.05,100,12,12,12,True,True,True
12,0.05,150,12,12,12,True,True,True
12,0.05,250,12,12,12,True,True,True
12,0.05,400,12,12,12,True,True,True
12,0.05,700,12,12,12,True,True,True
12,0.05,1200,12,12,12,True,True,True
12,0.05,2000,12,12,12,True,True,True
12,0.05,4000,12,12,12,True,True,True
12,0.1,20,12,12,12,True,True,True
12,0.1,30,12,12,12,True,True,True
12,0.1,45,12,12,12,True,True,True
12,0.1,70,12,12,12,True,True,True
12,0.1,100,12,12,12,True,True,True
12,0.1,150,12,12,12,True,True,True
12,0.1,250,12,12,12,True,True,True
12,0.1,400,12,12,12,True,True,True
12,0.1,700,12,12,12,True,True,True
12,0.1,1200,12,12,12,True,True,True
12,0.1,2000,12,12,12,True,True,True
12,0.1,4000,1,1,1,True,True,True
12,0.2,20,12,12,12,True,True,True
12,0.2,30,12,12,12,True,True,True
12,0.2,45,12,12,12,True,True,True
12,0.2,70,12,12,12,True,True,True
12,0.2,100,12,12,12,True,True,True
12,0.2,150,12,12,12,True,True,True
12,0.2,250,12,12,12,True,True,True
12,0.2,400,12,12,12,True,True,True
12,0.2,700,12,12,12,True,True,True
12,0.2,1200,1,1,1,True,True,True
12,0.2,2000,1,1,1,True,True,True
12,0.2,4000,1,1,1,True,True,True
12,0.4,20,12,12,12,True,True,True
12,0.4,30,12,12,12,True,True,True
12,0.4,45,12,12,12,True,True,True
12,0.4,70,12,12,12,True,True,True
12,0.4,100,12,12,12,True,True,True
12,0.4,150,12,12,12,True,True,True
12,0.4,250,1,1,1,True,True,True
12,0.4,400,1,1,1,True,True,True
12,0.4,700,1,1,1,True,True,True
12,0.4,1200,1,1,1,True,True,True
12,0.4,2000,1,1,1,True,True,True
12,0.4,4000,1,1,1,True,True,True
12,0.8,20,12,12,12,True,True,True
12,0.8,30,12,12,12,True,True,True
12,0.8,45,12,1,4,True,False,False
12,0.8,70,1,1,1,True,True,True
12,0.8,100,1,1,1,True,True,True
12,0.8,150,1,1,1,True,True,True
12,0.8,250,1,1,1,True,True,True
12,0.8,400,1,1,1,True,True,True
12,0.8,700,1,1,1,True,True,True
12,0.8,1200,1,1,1,True,True,True
12,0.8,2000,1,1,1,True,True,True
12,0.8,4000,1,1,1,True,True,True
