d,eps,n,k,p_k,risk_mean,risk_std,delta2_k,risk_predicted_fs,risk_predicted_lo
8,0.05,20,1,64,1.575918218272848,0.5547701323789263,0.0,0.8,0.8
8,0.05,20,2,32,0.6091993416522089,0.1661728786900486,0.0015056194840073716,0.4039146106584192,0.40150561948400737
8,0.05,20,4,16,0.27156263681153003,0.11291185956641484,0.0020850502584709566,0.20375309046524773,0.20208505025847096
8,0.05,20,8,8,0.13134190717204255,0.06649563280569691,0.002500000000000002,0.10350000000000001,0.10250000000000001
8,0.05,45,1,64,0.46491946167395926,0.09410474310820922,0.0,0.35555555555555557,0.35555555555555557
8,0.05,45,2,32,0.21745231521648484,0.058519570429573765,0.0015056194840073716,0.18035406000596818,0.17928339726178516
8,0.05,45,4,16,0.10909295410254638,0.0500436779218309,0.0020850502584709566,0.09171529035037175,0.09097393914735985
8,0.05,45,8,8,0.05253853166552017,0.03397999096322651,0.002500000000000002,0.04738888888888889,0.04694444444444445
8,0.05,100,1,64,0.18452806836522395,0.039099107020521585,0.0,0.16,0.16
8,0.05,100,2,32,0.09534322449857088,0.027201399196317096,0.0015056194840073716,0.08198741771888973,0.08150561948400738
8,0.05,100,4,16,0.050532917401381106,0.018080829139078974,0.0020850502584709566,0.04241865829982631,0.04208505025847096
8,0.05,100,8,8,0.025933403573068614,0.013845272607882075,0.002500000000000002,0.0227,0.022500000000000003
8,0.05,250,1,64,0.06771411439181196,0.013150760272314693,0.0,0.064,0.064
8,0.05,250,2,32,0.03621714174282752,0.008338824771111858,0.0015056194840073716,0.033698338777960316,0.03350561948400737
8,0.05,250,4,16,0.01950768965745881,0.006286800724962608,0.0020850502584709566,0.018218493475013097,0.018085050258470958
8,0.05,250,8,8,0.010437784694700398,0.004198806776921938,0.002500000000000002,0.010580000000000003,0.010500000000000002
8,0.05,700,1,64,0.023529748603896162,0.004139332189349358,0.0,0.022857142857142857,0.022857142857142857
8,0.05,700,2,32,0.0139443600565527,0.003252064086819025,0.0015056194840073716,0.013003019231847709,0.0129341909125788
8,0.05,700,4,16,0.008050670183730674,0.002159126482312235,0.0020850502584709566,0.007846994264378864,0.007799335972756671
8,0.05,700,8,8,0.005480255934732261,0.0018236243511453142,0.002500000000000002,0.005385714285714287,0.005357142857142859
8,0.05,1200,1,64,0.013756220304786473,0.002451082652734564,0.0,0.013333333333333334,0.013333333333333334
8,0.05,1200,2,32,0.008747614701607374,0.00177467890774994,0.0015056194840073716,0.008212436003580901,0.008172286150674038
8,0.05,1200,4,16,0.00567842761002175,0.0012846484414624697,0.0020850502584709566,0.005446184261917236,0.00541838359180429
8,0.05,1200,8,8,0.004147781328069995,0.00095362984484761,0.002500000000000002,0.004183333333333335,0.004166666666666668
8,0.05,2000,1,64,0.008279386063177501,0.0017042521589232926,0.0,0.008,0.008
8,0.05,2000,2,32,0.005863308858997878,0.0013094308117051188,0.0015056194840073716,0.00552970939575149,0.005505619484007372
8,0.05,2000,4,16,0.004083557077007072,0.0007742117152865648,0.0020850502584709566,0.004101730660538724,0.004085050258470956
8,0.05,2000,8,8,0.003449621638294557,0.0005115145619176078,0.002500000000000002,0.003510000000000002,0.003500000000000002
8,0.05,4000,1,64,0.004333258334249896,0.0007114485577289465,0.0,0.004,0.004
8,0.05,4000,2,32,0.003731654467139256,0.0006133507457180734,0.0015056194840073716,0.003517664439879431,0.0035056194840073717
8,0.05,4000,4,16,0.0031752834260065643,0.0004222204416113038,0.0020850502584709566,0.0030933904595048405,0.0030850502584709566
8,0.05,4000,8,8,0.003011794563557874,0.00023054588450495728,0.002500000000000002,0.0030050000000000016,0.003000000000000002
8,0.1,20,1,64,1.575918218126303,0.5547701328149982,0.0,0.8,0.8
8,0.1,20,2,32,0.6162857217779225,0.16974493213566477,0.006743842521061042,0.4175339905547587,0.40674384252106105
8,0.1,20,4,16,0.2801036415765547,0.11263694618150606,0.009136547871569955,0.21644578616882593,0.20913654787156996
8,0.1,20,8,8,0.14071471744563852,0.06833014653872367,0.009999999999999998,0.114,0.11
8,0.1,45,1,64,0.4649194616091248,0.09410474305078774,0.0,0.35555555555555557,0.35555555555555557
8,0.1,45,2,32,0.22246971460017692,0.05832604377041033,0.006743842521061042,0.18931724164714892,0.18452162029883884
8,0.1,45,4,16,0.11683728926324047,0.05130436126580852,0.009136547871569955,0.10127398711479484,0.09802543676045884
8,0.1,45,8,8,0.06019181186486312,0.03497255102099038,0.009999999999999998,0.05622222222222222,0.05444444444444445
8,0.1,100,1,64,0.1845280683516615,0.039099107014893844,0.0,0.16,0.16
8,0.1,100,2,32,0.10088015545748444,0.02730086255871979,0.006743842521061042,0.08890187212780058,0.08674384252106104
8,0.1,100,4,16,0.05806477423961294,0.018537814836504105,0.009136547871569955,0.05059839553102115,0.04913654787156996
8,0.1,100,8,8,0.03382497576188172,0.014154312397280457,0.009999999999999998,0.0308,0.03
8,0.1,250,1,64,0.0677141143864561,0.013150760259124924,0.0,0.064,0.064
8,0.1,250,2,32,0.041417678152782356,0.008308089143986922,0.006743842521061042,0.03960705436375686,0.03874384252106104
8,0.1,250,4,16,0.026723447428114215,0.006165442196806336,0.009136547871569955,0.025721286935350432,0.025136547871569957
8,0.1,250,8,8,0.018009271683324644,0.004247260231243225,0.009999999999999998,0.01832,0.018
8,0.1,700,1,64,0.023529748603812815,0.004139332192530855,0.0,0.022857142857142857,0.022857142857142857
8,0.1,700,2,32,0.019177814239556425,0.0032544195542795564,0.006743842521061042,0.018480703893452403,0.01817241394963247
8,0.1,700,4,16,0.015089519309046109,0.0022241485947105564,0.009136547871569955,0.015059668965777269,0.01485083358585567
8,0.1,700,8,8,0.012986446736468465,0.0018539234542399644,0.009999999999999998,0.012971428571428568,0.012857142857142855
8,0.1,1200,1,64,0.013756220306300799,0.002451082653818376,0.0,0.013333333333333334,0.013333333333333334
8,0.1,1200,2,32,0.013971830161754257,0.0017677923829546762,0.006743842521061042,0.013590344988289337,0.01341050918772771
8,0.1,1200,4,16,0.012740740573782234,0.0013071170364676965,0.009136547871569955,0.012591701843190889,0.01246988120490329
8,0.1,1200,8,8,0.011668666142482348,0.0009920209244498838,0.009999999999999998,0.011733333333333332,0.011666666666666665
8,0.1,2000,1,64,0.00827938606921166,0.0017042521572814967,0.0,0.008,0.008
8,0.1,2000,2,32,0.011111813621446063,0.0013032380431889925,0.006743842521061042,0.010851744001398019,0.010743842521061042
8,0.1,2000,4,16,0.011155424470268318,0.000775624493731735,0.009136547871569955,0.011209640254542515,0.011136547871569955
8,0.1,2000,8,8,0.010966572315441455,0.0005238619333151653,0.009999999999999998,0.011039999999999998,0.011
8,0.1,4000,1,64,0.0043332583381056385,0.0007114485577565306,0.0,0.004,0.004
8,0.1,4000,2,32,0.008968717484774024,0.0006220941918033036,0.006743842521061042,0.008797793261229531,0.008743842521061043
8,0.1,4000,4,16,0.010220854796915453,0.0004210228088321846,0.009136547871569955,0.010173094063056234,0.010136547871569954
8,0.1,4000,8,8,0.010510759596648352,0.0002326901367760582,0.009999999999999998,0.010519999999999998,0.010499999999999999
8,0.2,20,1,64,1.5759182185206682,0.5547701322412911,0.0,0.8,0.8
8,0.2,20,2,32,0.6313224207247491,0.16649600076966514,0.021074484533691533,0.454793659787598,0.42107448453369156
8,0.2,20,4,16,0.30774370962678665,0.11336900855981344,0.035110992330495375,0.2631997861948917,0.23511099233049537
8,0.2,20,8,8,0.1699756017047756,0.06686676497366116,0.04000000000000001,0.15600000000000003,0.14
8,0.2,45,1,64,0.464919461735139,0.09410474312149712,0.0,0.35555555555555557,0.35555555555555557
8,0.2,45,2,32,0.23834357550730792,0.058808993196263135,0.021074484533691533,0.21383856242431665,0.19885226231146932
8,0.2,45,4,16,0.14412550314509126,0.05016730757167434,0.035110992330495375,0.1364837896035604,0.12399988121938427
8,0.2,45,8,8,0.09181959935752736,0.03395704270414654,0.04000000000000001,0.09155555555555557,0.08444444444444446
8,0.2,100,1,64,0.18452806838680366,0.039099106968104,0.0,0.16,0.16
8,0.2,100,2,32,0.11577961817425711,0.026762010266190447,0.021074484533691533,0.10781831958447283,0.10107448453369153
8,0.2,100,4,16,0.08400707409304944,0.01740513806543538,0.035110992330495375,0.08072875110337463,0.07511099233049537
8,0.2,100,8,8,0.06354270993776323,0.013751317174828491,0.04000000000000001,0.0632,0.06000000000000001
8,0.2,250,1,64,0.0677141144146889,0.013150760289062705,0.0,0.064,0.064
8,0.2,250,2,32,0.056096770708799204,0.008462577583254,0.021074484533691533,0.05577201855400405,0.053074484533691534
8,0.2,250,4,16,0.05267905266271141,0.006465053658654601,0.035110992330495375,0.05335809583964708,0.051110992330495375
8,0.2,250,8,8,0.04788517150231719,0.004387524504406053,0.04000000000000001,0.04928000000000001,0.04800000000000001
8,0.2,700,1,64,0.023529748610013283,0.0041393321682748575,0.0,0.022857142857142857,0.022857142857142857
8,0.2,700,2,32,0.0337076383435088,0.0032920698975751864,0.021074484533691533,0.033466460969517435,0.03250305596226296
8,0.2,700,4,16,0.04130836284518903,0.0022597474437695397,0.035110992330495375,0.04162781501233527,0.04082527804478109
8,0.2,700,8,8,0.043095843184894754,0.0019135317050511733,0.04000000000000001,0.043314285714285715,0.042857142857142864
8,0.2,1200,1,64,0.013756220298608995,0.0024510826391378857,0.0,0.013333333333333334,0.013333333333333334
8,0.2,1200,2,32,0.028426400481586463,0.0017832406923308233,0.021074484533691533,0.028303137454589972,0.0277411512003582
8,0.2,1200,4,16,0.03880128714327983,0.0013511391160074937,0.035110992330495375,0.038912472228235316,0.03844432566382871
8,0.2,1200,8,8,0.041700484782879396,0.0009904948986455124,0.04000000000000001,0.041933333333333336,0.04166666666666667
8,0.2,2000,1,64,0.008279386052502068,0.0017042521559722868,0.0,0.008,0.008
8,0.2,2000,2,32,0.025470949355700635,0.0013254012042043502,0.021074484533691533,0.0254116762862306,0.025074484533691533
8,0.2,2000,4,16,0.0371380142507584,0.0008147878466833718,0.035110992330495375,0.03739188026913934,0.037110992330495376
8,0.2,2000,8,8,0.04095802656167538,0.0005411048215555085,0.04000000000000001,0.04116000000000001,0.04100000000000001
8,0.2,4000,1,64,0.0043332583223942844,0.0007114485538244549,0.0,0.004,0.004
8,0.2,4000,2,32,0.02333316912214244,0.0006234443314494963,0.021074484533691533,0.023243080409961064,0.023074484533691535
8,0.2,4000,4,16,0.03621530216121366,0.0004437335506777026,0.035110992330495375,0.036251436299817356,0.036110992330495376
8,0.2,4000,8,8,0.04052541823820301,0.00024066440884220312,0.04000000000000001,0.040580000000000005,0.04050000000000001
8,0.4,20,1,64,1.5759182173203088,0.5547701322930915,0.0,0.8,0.8
8,0.4,20,2,32,0.69049948190603,0.16313255828973938,0.07182363254443447,0.5867414446155297,0.4718236325444345
8,0.4,20,4,16,0.43392170007291747,0.11898155404093198,0.1503412354906516,0.47061422388317287,0.3503412354906516
8,0.4,20,8,8,0.2987745867630528,0.075051416255752,0.16000000000000003,0.32400000000000007,0.26
8,0.4,45,1,64,0.4649194617354855,0.09410474300028387,0.0,0.35555555555555557,0.35555555555555557
8,0.4,45,2,32,0.2947843125110552,0.06067698006691481,0.07182363254443447,0.30067599346492124,0.24960141032221225
8,0.4,45,4,16,0.26525958155570767,0.04952926281972125,0.1503412354906516,0.2926847858873277,0.2392301243795405
8,0.4,45,8,8,0.21404872816736092,0.03520216463400318,0.16000000000000003,0.23288888888888895,0.20444444444444448
8,0.4,100,1,64,0.18452806834941676,0.039099106965055974,0.0,0.16,0.16
8,0.4,100,2,32,0.16910761717280826,0.027851443192140817,0.07182363254443447,0.1748071949586535,0.15182363254443448
8,0.4,100,4,16,0.2026951719290055,0.018809214088786816,0.1503412354906516,0.21439583316915584,0.1903412354906516
8,0.4,100,8,8,0.18479585910194493,0.014655205783931778,0.16000000000000003,0.19280000000000003,0.18000000000000002
8,0.4,250,1,64,0.06771411436966543,0.013150760231200062,0.0,0.064,0.064
8,0.4,250,2,32,0.10787236345839493,0.009131992428106285,0.07182363254443447,0.11301705751012209,0.10382363254443447
8,0.4,250,4,16,0.16932071374338503,0.006883119245224219,0.1503412354906516,0.1759630745620533,0.1663412354906516
8,0.4,250,8,8,0.16847050868555544,0.0043270888495658775,0.16000000000000003,0.17312000000000005,0.16800000000000004
8,0.4,700,1,64,0.023529748617103812,0.004139332199325716,0.0,0.022857142857142857,0.022857142857142857
8,0.4,700,2,32,0.08467122964002782,0.0033046676442467114,0.07182363254443447,0.08653557003218006,0.0832522039730059
8,0.4,700,4,16,0.15690348886564603,0.0024154525007240965,0.1503412354906516,0.1594918923018665,0.15605552120493732
8,0.4,700,8,8,0.16323391941332366,0.0018418029476423186,0.16000000000000003,0.1646857142857143,0.1628571428571429
8,0.4,1200,1,64,0.013756220337866684,0.0024510826525196085,0.0,0.013333333333333334,0.013333333333333334
8,0.4,1200,2,32,0.0793486725817214,0.0018187234814956803,0.07182363254443447,0.08040559607895272,0.07849029921110114
8,0.4,1200,4,16,0.1542392918209614,0.0015104876966811392,0.1503412354906516,0.15567911863052694,0.15367456882398492
8,0.4,1200,8,8,0.16176529345918297,0.0010570664929309373,0.16000000000000003,0.16273333333333337,0.1616666666666667
8,0.4,2000,1,64,0.008279386084683798,0.0017042521419059582,0.0,0.008,0.008
8,0.4,2000,2,32,0.07632499994615091,0.0012892034969042472,0.07182363254443447,0.07697281066514543,0.07582363254443447
8,0.4,2000,4,16,0.15250970755296092,0.0008165875722837596,0.1503412354906516,0.15354396537457682,0.1523412354906516
8,0.4,2000,8,8,0.16101192779915213,0.0005427031920479859,0.16000000000000003,0.16164000000000003,0.16100000000000003
8,0.4,4000,1,64,0.004333258336740563,0.0007114485477393315,0.0,0.004,0.004
8,0.4,4000,2,32,0.07411602907823997,0.0006173539726544536,0.07182363254443447,0.07439822160478994,0.07382363254443447
8,0.4,4000,4,16,0.15152262939965921,0.0004742312992454646,0.1503412354906516,0.1519426004326142,0.1513412354906516
8,0.4,4000,8,8,0.16054788477692403,0.0002644557745831106,0.16000000000000003,0.16082000000000002,0.16050000000000003
