d,eps,measured_n_star_median,iqr_lo,iqr_hi,predicted_n_star,ratio,n_seeds_with_crossing
12,0.05,13849.0,13849.0,15753.0,13199.999999999998,1.0491666666666668,40
12,0.07071067811865475,7272.0,6393.0,7272.0,6600.0,1.1018181818181818,40
12,0.1,3357.0,3357.0,3819.0,3299.9999999999995,1.0172727272727273,40
12,0.14142135623730948,1763.0,1550.0,1763.0,1650.0000000000005,1.0684848484848481,40
12,0.19999999999999998,926.0,814.0,926.0,825.0000000000001,1.1224242424242423,40
12,0.282842712474619,427.0,427.0,486.0,412.5,1.0351515151515152,40
12,0.3999999999999999,224.0,224.0,255.0,206.2500000000001,1.0860606060606055,40
12,0.5656854249492379,118.0,118.0,134.0,103.12500000000003,1.1442424242424238,40
12,0.8,70.0,62.0,70.0,51.56249999999999,1.3575757575757577,40
