eps,k,p_k,n,delta2,rho_paper_mean,rho_paper_sd,rho_no_coupling_mean,rho_no_coupling_sd
0.05,1,144,4000,0.0,0.9989735997169067,0.11468716713101255,0.9989735997169067,0.11468716713101255
0.05,2,72,4000,0.0013606937599935098,0.9894232785712873,0.1502514816626705,0.9948660536112616,0.15025148166267052
0.05,3,48,4000,0.001964474169015626,0.9776027343900058,0.22469757838070697,0.9854606310660682,0.22469757838070697
0.05,4,36,4000,0.002055591640360643,0.981439433296839,0.23763367862047752,0.9896617998582815,0.23763367862047746
0.05,6,24,4000,0.0022196005134036884,0.9919865184222711,0.34484873172753333,1.000864920475886,0.34484873172753333
0.05,12,12,4000,0.0024999999999999996,0.9991609261540674,0.5279783034682342,1.0091609261540673,0.527978303468234
0.1,1,144,4000,0.0,0.9989735999280468,0.11468716679566739,0.9989735999280468,0.11468716679566739
0.1,2,72,4000,0.006977658584534848,0.9710592954159104,0.1519113441796996,0.9989699297540499,0.15191134417969954
0.1,3,48,4000,0.00850839733797324,0.9520742634616862,0.22912617221293757,0.9861078528135792,0.22912617221293755
0.1,4,36,4000,0.008924415656356575,0.9594830537073866,0.23572159967878983,0.9951807163328127,0.2357215996787898
0.1,6,24,4000,0.009356925330730423,0.9631592061580859,0.3390460736013505,1.0005869074810074,0.3390460736013505
0.1,12,12,4000,0.010000000000000002,0.9690339574722489,0.5161998343939388,1.0090339574722489,0.5161998343939388
0.2,1,144,4000,0.0,0.9989735998601326,0.11468716634342262,0.9989735998601326,0.11468716634342262
0.2,2,72,4000,0.02545875424051698,0.9034722488395976,0.15151721556823883,1.0053072658016657,0.1515172155682388
0.2,3,48,4000,0.027203412662382097,0.8901542505313653,0.22088959942097006,0.9989679011808935,0.22088959942097006
0.2,4,36,4000,0.033680568341795385,0.8764070115767406,0.2443913316641522,1.011129284943922,0.24439133166415214
0.2,6,24,4000,0.03651772730366927,0.8678431628076175,0.3469483889825342,1.0139140720222946,0.34694838898253416
0.2,12,12,4000,0.04000000000000001,0.8708821508013163,0.5365803867377488,1.0308821508013162,0.5365803867377489
0.4,1,144,4000,0.0,0.9989735994457598,0.11468716645630121,0.9989735994457598,0.11468716645630121
0.4,2,72,4000,0.0928275973696123,0.6604114007943241,0.15628875239115744,1.0317217902727733,0.15628875239115742
0.4,3,48,4000,0.12053593102038457,0.5390107934102758,0.2255486624498967,1.0211545174918142,0.22554866244989671
0.4,4,36,4000,0.13053299927816706,0.5094617290435037,0.22776065684992758,1.031593726156172,0.22776065684992755
0.4,6,24,4000,0.15090198458578605,0.46545027878755396,0.3570474597324347,1.0690582171306982,0.3570474597324347
0.4,12,12,4000,0.16000000000000006,0.41175951624880475,0.5132429301746507,1.051759516248805,0.5132429301746507
