eps,n,1_mean,3_mean,12_mean,1_sd,3_sd,12_sd
0.1,50,0.1290780310684015,0.026615899261203148,0.0027649396041219587,0.020140348927306796,0.00525837181108838,0.0016957190111150655
0.1,100,0.048052336962001986,0.011004602917954413,0.0010149248729835307,0.0038501656508735335,0.001612187829198658,0.0003065694533471267
0.1,200,0.019061501325243688,0.004185160357776382,0.0006577017314821777,0.0016243396183800163,0.0008861433129788598,0.0002585908681551078
0.1,400,0.0076001964320919265,0.0015044383514220803,0.0003826665490186751,0.0006771976656969694,0.0002668645239720317,7.963352226817096e-05
0.1,800,0.0031857980303030046,0.0008062777293814663,0.0002823543145578966,0.00032587261836648806,0.00013165918031156256,7.0404465597049e-05
0.1,1600,0.0013571276077806037,0.0004290376351503172,0.00021435401883056817,0.00012124808050797893,5.050940909252065e-05,2.4791774617071526e-05
0.1,2400,0.000882824134920886,0.00037276772666489875,0.00018849724226098176,8.489978290802602e-05,6.584403027333027e-05,2.0387328674966753e-05
0.1,3200,0.0006549937284660627,0.00029794309284478476,0.00017457046497941996,7.926604698406758e-05,4.5057354850381134e-05,2.616627443734949e-05
0.4,50,0.12964113669335528,0.030970830302717068,0.004930602606470514,0.013549265431833862,0.006888594363858557,0.0019401524666478257
0.4,100,0.04740740583778296,0.012425034542448334,0.0030253003890714386,0.005310139948399839,0.0018509399174881781,0.00043175915841871834
0.4,200,0.018523341826681906,0.005709148979767276,0.002630127811831673,0.0016201655917700902,0.0010455542217059847,0.00030236170720951313
0.4,400,0.007773169617897517,0.0030071490898979417,0.0023788948289735464,0.0005518855208942963,0.0004353189655344234,0.000284911232309886
0.4,800,0.0032127057382554114,0.002326522440444966,0.0022670896492618785,0.000302551592296349,0.00030206993367021625,0.0002775915571431464
0.4,1600,0.0013337562518611341,0.0019338873624730568,0.00220536619468048,0.00010796856720475313,0.00029784820479336036,0.000258207684809948
0.4,2400,0.0008895854298674729,0.0018747952752925078,0.0021683465600072357,0.00010171808803986377,0.0002997992652702202,0.00027453534315747847
0.4,3200,0.0006715364552614455,0.0018058678637678464,0.002160990950778929,7.790036329311199e-05,0.0002738719876512167,0.00027847071308239463
