d,k,p_k_formula,p_k_rank,basis_orthonormal_err,orbit_vs_group_average_err,idempotent_err,selfadjoint_err,equivariance_err
8,1,64,64,0.0,0.0,0.0,0.0,0.0
8,2,32,32,2.220446049250313e-16,0.0,0.0,3.552713678800501e-15,0.0
8,4,16,16,0.0,1.1102230246251565e-16,0.0,0.0,0.0
8,8,8,8,1.1102230246251565e-16,2.220446049250313e-16,1.1102230246251565e-16,0.0,0.0
12,1,144,144,0.0,0.0,0.0,0.0,0.0
12,2,72,72,2.220446049250313e-16,0.0,0.0,0.0,0.0
12,3,48,48,2.220446049250313e-16,2.220446049250313e-16,0.0,0.0,0.0
12,4,36,36,0.0,1.1102230246251565e-16,0.0,0.0,0.0
12,6,24,24,2.220446049250313e-16,2.220446049250313e-16,1.1102230246251565e-16,0.0,0.0
12,12,12,12,2.220446049250313e-16,1.6653345369377348e-16,1.1102230246251565e-16,1.7763568394002505e-15,0.0
16,1,256,256,0.0,0.0,0.0,0.0,0.0
16,2,128,128,2.220446049250313e-16,0.0,0.0,2.842170943040401e-14,0.0
16,4,64,64,0.0,2.220446049250313e-16,0.0,0.0,0.0
16,8,32,32,1.1102230246251565e-16,1.1102230246251565e-16,2.220446049250313e-16,0.0,0.0
16,16,16,16,0.0,1.1102230246251565e-16,2.220446049250313e-16,0.0,0.0
